id;title;description;created
1;mobile Fish;../data/blob/hipster.txt;2019-07-02T17:38:51
2;Savings Account Dam;../data/blob/hipster.txt;2019-07-03T09:57:38
3;Trace;../data/blob/hipster.txt;2019-07-03T04:21:04
4;Metal deposit;../data/blob/hipster.txt;2019-07-03T11:00:22
5;transmitter Implementation Electronics;../data/blob/hipster.txt;2019-07-02T12:32:50
6;Money Market Account;../data/blob/hipster.txt;2019-07-02T21:40:50
7;Grocery Home;../data/blob/hipster.txt;2019-07-02T23:45:56
8;enable Gorgeous Frozen Pants;../data/blob/hipster.txt;2019-07-03T06:46:25
9;Licensed Savings Account;../data/blob/hipster.txt;2019-07-03T03:10:51
10;Planner Canyon;../data/blob/hipster.txt;2019-07-02T15:43:18
